{"epoch": 9, "loss": 1, "accuracy": 0.9, "_timestamp": 1774882868.2735105, "_runtime": 8.230170488357544, "_step": 9, "_wandb": {"runtime": 7}}