{"timestep": 300000.0, "CSD": -32.85185371440189, "METRA": -50.12726622951259, "CIC": -72.87032229814754, "RND": -46.15633984701114, "_timestamp": 1775080355.9194176, "_runtime": 6.569409608840942, "_step": 99, "_wandb": {"runtime": 5}}